model,accuracy,macro_precision,macro_recall,macro_f1,weighted_f1,at_risk_recall
XGBoost,0.8157894736842105,0.8250000000000001,0.8205128205128206,0.8042328042328042,0.8020050125313283,0.9230769230769231
LogisticRegression,0.7894736842105263,0.7878306878306879,0.7927350427350427,0.7798867798867799,0.7781429097218571,0.9230769230769231
RandomForest,0.7894736842105263,0.7878306878306879,0.7927350427350427,0.7798867798867799,0.7781429097218571,0.9230769230769231
